{"cameraMode":{"drawMode":0,"name":"Shaded","section":"Shading Mode"},"sceneLighting":true,"audioPlay":false,"sceneViewState":{"m_AlwaysRefresh":false,"showFog":true,"showSkybox":true,"showFlares":true,"showImageEffects":true,"showParticleSystems":true,"showVisualEffectGraphs":true,"m_FxEnabled":true},"in2DMode":false,"pivot":{"x":4.363953113555908,"y":-2.1586945056915285,"z":0.28133848309516909},"rotation":{"x":0.18975406885147096,"y":0.6472542881965637,"z":-0.17101344466209413,"w":0.7181888818740845},"size":3.9510724544525148,"orthographic":false}