{"cameraMode":{"drawMode":0,"name":"Shaded","section":"Shading Mode"},"sceneLighting":false,"audioPlay":false,"sceneViewState":{"m_AlwaysRefresh":false,"showFog":true,"showSkybox":false,"showFlares":true,"showImageEffects":true,"showParticleSystems":true,"showVisualEffectGraphs":true,"m_FxEnabled":true},"in2DMode":false,"pivot":{"x":-0.20401671528816224,"y":0.743774950504303,"z":0.7270263433456421},"rotation":{"x":-0.13340680301189423,"y":0.008024241775274277,"z":-0.001080758636817336,"w":-0.9910277128219605},"size":1.834240198135376,"orthographic":false}