{"cameraMode":{"drawMode":0,"name":"Shaded","section":"Shading Mode"},"sceneLighting":false,"audioPlay":false,"sceneViewState":{"m_AlwaysRefresh":false,"showFog":true,"showSkybox":false,"showFlares":true,"showImageEffects":true,"showParticleSystems":true,"showVisualEffectGraphs":true,"m_FxEnabled":true},"in2DMode":false,"pivot":{"x":0.35237815976142886,"y":0.6909797191619873,"z":0.3919905722141266},"rotation":{"x":-0.14786402881145478,"y":0.3345479965209961,"z":-0.053238727152347568,"w":-0.9291795492172241},"size":0.7800518274307251,"orthographic":false}